Nome,volumetria,Precos
Ultimune eye power infusing Concentrate ,,R$ 449
Bio Performance Glow Revival Cream ,,R$ 675
Bio Performance Super Corrective eye Cream ,,R$ 493
Bio Performance Advanced Super Restoring Cream,,R$ 629
White Lucent Brightening Protective Emulsion,,R$ 475
Pure Empreinte Masque Mineral Purifiante,,R$ 269
Galatée Confort Lait Démaquillant Réconfortant,,R$ 209
Dydra Zen Fluide Hydratant Anti-stress-ip 30,,R$ 299
Rénergie Multi-lift crreme Legére,,R$ 499
EUA Micellaire Douceur,,R$ 219
Hidratante Corporal Bossa Nova,,R$ 65
Hidratante Corporal Jovem Gurada,,R$ 65
Kit Deixa Fluir Pimenta com Canela,,R$ 68
Kit Deixa Fluir Erva dos Sonhos,,R$ 68
Kit Deixa Fluir Cacau,,R$ 68
Sabonete Tropical Jabuticaba,,R$ 28
Sabonete Tropical de Carambola,,R$ 28
Sabonete Tropical,,R$ 28
Loção Tônica Demaquilante,,R$ 56
